Timestamp,Ax,Ay,Az,Gx,Gy,Gz
1,-0.02,-0.02,1.00,0.31,-0.31,-0.43
2,-0.02,-0.02,1.00,0.24,-0.31,-0.49
3,-0.02,-0.02,1.01,0.31,-0.49,-0.43
4,-0.02,-0.02,1.00,0.31,-0.37,-0.49
5,-0.02,-0.02,1.01,0.24,-0.73,-0.43
6,0.05,0.01,1.02,0.67,4.46,2.50
7,-0.03,-0.02,1.01,0.31,0.61,-0.43
8,-0.02,-0.02,1.01,0.24,-0.61,-0.43
9,-0.16,-0.49,0.99,0.85,10.56,-22.16
10,-0.04,-0.00,1.00,1.65,2.75,-31.80
11,-0.04,-0.04,1.02,1.46,0.06,-26.86
12,-0.06,0.04,1.00,1.40,0.61,-32.29
13,-0.07,0.02,0.99,1.46,1.46,-28.08
14,-0.07,-0.07,1.01,1.22,4.33,-23.01
15,-0.04,-0.04,1.00,1.40,-0.31,-13.98
16,-0.07,-0.04,1.01,-0.92,2.93,-1.71
17,-0.06,-0.05,1.01,0.73,3.23,-0.98
18,-0.11,-0.04,1.01,-0.55,1.83,11.41
19,-0.09,-0.05,1.00,-2.01,0.12,20.20
20,-0.11,-0.14,1.01,-5.86,7.14,58.72
21,-0.08,0.01,1.00,-2.81,4.15,34.24
22,-0.08,0.01,1.00,-3.42,-0.37,28.50
23,-0.10,-0.02,1.00,-2.01,1.89,20.20
24,-0.07,0.01,1.00,-1.10,3.17,12.63
25,-0.08,0.00,1.01,0.92,10.99,2.38
26,-0.08,-0.00,1.03,17.09,2.08,-12.94
27,-0.12,-0.04,1.04,17.27,4.70,-5.07
28,-0.12,-0.01,1.00,32.04,3.42,-15.44
29,-0.15,0.10,1.02,56.52,3.78,-14.95
30,-0.13,0.21,0.94,45.96,5.62,-12.21
31,-0.15,0.34,0.94,37.96,3.05,7.02
32,-0.16,0.54,0.95,65.49,3.72,7.81
33,-0.06,0.65,0.61,57.37,5.43,8.54
34,-0.02,0.78,0.47,64.58,5.49,13.49
35,-0.02,0.92,0.45,68.36,-3.91,15.87
36,-0.00,0.99,0.31,84.84,3.97,11.90
37,0.03,0.98,0.18,50.78,14.89,16.97
38,0.07,1.02,0.15,23.93,11.66,12.94
39,0.08,0.93,0.03,-55.54,23.93,-15.56
40,0.08,0.92,0.09,-34.18,10.74,-1.89
41,0.00,0.91,0.19,-50.42,12.08,-13.37
42,-0.04,0.92,0.54,-169.49,28.81,-15.69
43,-0.10,0.67,0.84,-123.66,4.15,-35.64
44,-0.15,0.39,0.86,-90.70,7.51,-16.85
45,-0.24,0.15,0.97,-110.90,6.35,-9.58
46,-0.29,-0.14,1.05,-59.20,2.38,-3.60
47,-0.27,-0.29,0.91,-107.67,26.06,-28.44
48,-0.32,-0.56,0.83,-110.41,15.87,-10.25
49,-0.31,-0.68,0.61,-92.53,1.59,0.12
50,-0.31,-0.79,0.54,-109.62,-4.88,5.92
51,-0.32,-0.80,0.28,-86.79,-8.42,24.60
52,-0.35,-0.95,0.20,-49.74,-10.86,-1.34
53,-0.35,-1.01,-0.06,-83.19,2.38,-10.44
54,-0.32,-0.92,-0.08,8.61,2.93,-8.91
55,-0.36,-0.95,0.15,126.28,-11.23,-3.05
56,-0.33,-0.88,0.43,168.76,11.41,-1.89
57,-0.38,-0.77,0.72,187.81,3.11,-16.48
58,-0.25,-0.48,0.74,166.87,-45.78,11.54
59,-0.17,-0.10,0.93,107.24,68.85,26.00
60,-0.31,0.06,0.98,41.38,33.33,33.51
61,-0.32,0.09,0.92,0.06,31.25,4.94
62,-0.46,0.05,0.95,26.25,60.36,21.42
63,-0.60,0.07,0.82,-19.10,85.88,21.24
64,-0.73,0.19,0.74,0.37,86.91,-24.84
65,-0.87,0.07,0.65,14.95,58.78,-18.31
66,-0.89,0.10,0.51,43.52,82.15,1.71
67,-0.98,0.10,0.36,22.46,79.47,1.22
68,-0.88,0.12,0.03,25.02,70.13,15.69
69,-1.01,0.16,0.01,39.55,66.10,28.81
70,-0.92,0.26,-0.20,-9.46,44.37,-10.86
71,-1.11,0.42,-0.13,14.59,39.43,12.15
72,-1.08,0.28,-0.19,1.77,-0.73,-6.35
73,-1.01,0.21,-0.19,5.19,2.14,2.75
74,-1.01,0.25,-0.21,5.68,4.03,2.32
75,-1.04,0.27,-0.22,4.82,16.11,-1.83
76,-1.10,0.30,-0.23,12.57,35.64,-1.77
77,-0.84,0.18,-0.30,0.12,66.16,-4.64
78,-0.79,0.23,-0.53,-9.52,74.16,11.96
79,-0.75,0.21,-0.69,-6.96,44.07,-6.84
80,-0.75,0.34,-0.61,-0.79,47.12,8.36
81,-0.59,0.28,-0.77,-7.63,85.69,-28.87
82,-0.48,0.28,-0.89,36.13,66.77,8.00
83,-0.33,0.26,-0.86,29.17,47.49,-25.57
84,-0.22,0.09,-0.89,9.46,60.67,-21.12
85,-0.11,0.05,-1.10,33.02,77.82,0.85
86,0.24,-0.17,-0.87,98.63,52.00,10.56
87,0.33,-0.58,-0.65,22.52,80.08,-23.74
88,0.35,-0.25,-0.94,-40.77,57.13,-24.05
89,0.54,-0.26,-1.05,-88.81,-5.19,19.10
90,0.34,0.18,-0.88,-163.45,-58.65,43.82
91,0.37,0.57,-0.87,-54.87,-49.74,45.72
92,0.14,0.40,-0.91,-36.25,-51.21,31.68
93,0.28,0.65,-0.76,-147.34,-15.01,-0.55
94,0.12,0.92,-0.70,-111.21,-96.07,1.10
95,-0.04,0.88,-0.41,-55.85,-72.08,-20.75
96,-0.02,0.92,-0.26,-74.71,-69.52,-21.73
97,-0.20,0.98,-0.13,-73.61,-34.12,-30.03
98,-0.34,1.06,0.02,-64.82,-46.57,-85.27
99,-0.52,0.84,0.36,-23.62,-47.36,-79.96
100,-0.53,0.73,0.36,-23.99,-63.42,-70.01
101,-0.57,0.75,0.32,4.70,-91.13,-40.53
102,-0.42,0.45,0.56,43.88,-86.67,-62.81
103,-0.53,0.26,0.69,-63.29,-96.56,-157.41
104,-0.55,-0.00,0.98,-12.57,-49.38,-101.75
105,-0.58,0.02,0.88,34.79,-20.02,-42.66
106,-0.52,0.10,0.91,25.51,-32.10,-25.02
107,-0.42,0.11,0.86,20.20,-16.60,-47.00
108,-0.43,0.07,0.82,12.08,-31.80,-56.82
109,-0.38,0.05,1.00,54.99,-57.68,-65.61
110,-0.24,0.07,0.95,19.23,-42.66,-35.10
111,-0.24,0.16,1.05,40.53,-23.86,-27.04
112,-0.23,0.11,0.98,16.66,-10.86,-8.30
113,-0.15,0.30,1.01,55.73,-16.97,-7.32
114,-0.12,0.21,0.95,1.65,-5.92,-3.23
115,-0.15,0.21,0.95,-30.40,1.95,-1.71
116,-0.16,0.24,1.00,-3.54,-1.46,7.57
117,-0.18,0.24,1.03,-29.42,-2.56,16.30
118,-0.09,0.10,0.94,-35.46,4.76,10.56
119,-0.12,0.08,1.00,-44.86,-9.09,11.11
120,-0.15,0.03,1.05,-34.06,-10.38,-1.04
121,-0.07,-0.01,1.03,0.37,-19.65,-3.48
122,0.03,-0.03,1.01,0.55,0.49,5.55
123,-0.02,-0.08,1.02,-1.22,15.08,20.08
124,-0.05,-0.05,1.01,-0.55,-2.26,26.67
125,-0.03,-0.02,0.99,-1.16,1.59,35.03
126,-0.08,0.03,1.01,-1.83,13.55,43.64
127,-0.06,-0.01,0.99,-1.83,6.77,22.77
128,-0.06,0.01,1.01,-1.77,6.65,24.90
129,-0.08,-0.02,1.00,-1.59,2.69,15.81
130,-0.09,-0.05,1.00,-2.93,2.87,22.46
131,-0.09,-0.04,0.99,-3.05,-0.37,29.72
132,-0.05,0.01,1.00,-1.95,0.43,22.95
133,-0.07,-0.01,1.01,-0.85,-3.66,15.26
134,-0.06,-0.01,1.00,-1.59,-4.94,8.18
135,-0.08,0.02,1.02,0.24,-13.61,4.82
136,-0.05,-0.04,1.01,0.37,-4.82,8.36
137,-0.03,0.02,1.02,-0.24,-2.26,4.39
138,0.02,-0.02,1.01,-0.18,-4.33,7.69
139,0.00,-0.02,1.01,-0.18,-6.96,-1.71
140,0.01,0.01,1.04,-1.28,-4.33,-4.64
141,-0.01,0.00,1.01,0.37,-0.12,-18.13
142,0.02,-0.04,1.01,0.98,0.06,-9.64
143,0.01,-0.02,1.00,-0.98,-1.22,-28.38
144,0.03,0.02,1.01,0.24,0.24,-22.89
145,0.02,-0.00,1.01,-0.79,-0.43,-26.73
146,0.01,0.01,1.01,0.55,0.18,-41.20
147,0.03,0.03,1.01,0.24,-0.31,-42.18
148,-0.01,0.04,1.01,-0.67,-0.55,-47.55
149,0.02,0.04,1.01,0.98,0.12,-52.73
150,0.01,-0.06,1.01,3.11,2.99,-34.79
151,-0.02,-0.08,1.00,-1.22,-0.67,-31.62
152,0.01,-0.04,1.00,1.04,0.55,-25.88
153,0.03,-0.03,1.01,0.92,0.12,-18.68
154,0.01,0.01,1.02,1.04,1.22,-23.07
155,0.01,-0.00,1.00,0.37,1.10,-22.34
156,-0.01,0.01,1.00,-1.59,-6.59,-17.58
157,-0.01,0.03,1.01,1.16,0.67,-11.66
158,-0.00,-0.01,1.01,0.98,-0.12,1.65
159,0.05,0.04,1.03,0.00,-5.80,10.07
160,0.04,-0.00,1.02,0.31,-12.02,9.22
161,0.03,-0.01,1.02,-0.18,8.67,17.03
162,0.00,0.00,1.01,-1.71,16.17,13.73
163,-0.03,-0.01,1.01,-1.53,5.86,16.05
164,-0.03,-0.01,1.02,-1.16,19.90,32.78
165,-0.05,0.01,1.03,-1.22,6.35,23.80
166,-0.05,-0.00,1.04,-1.59,4.64,29.54
167,-0.10,-0.03,1.08,-9.70,63.84,37.66
168,-0.19,0.03,1.06,-17.33,60.00,26.37
169,-0.34,0.06,1.00,-23.13,50.23,27.65
170,-0.37,0.02,0.92,26.67,25.94,45.72
171,-0.41,0.08,0.94,-0.06,32.41,30.76
172,-0.48,0.09,0.88,2.26,28.44,27.95
173,-0.54,0.07,0.89,9.46,30.88,19.41
174,-0.58,0.13,0.79,4.58,30.09,36.56
175,-0.63,0.26,0.82,9.64,34.18,38.51
176,-0.63,0.33,0.73,10.99,16.60,31.92
177,-0.61,0.35,0.65,16.05,10.62,25.27
178,-0.70,0.39,0.67,23.68,36.25,25.39
179,-0.69,0.43,0.59,25.02,24.29,25.63
180,-0.66,0.52,0.52,11.41,37.60,18.19
181,-0.67,0.58,0.46,23.86,34.24,14.28
182,-0.62,0.54,0.36,12.08,22.71,8.12
183,-0.65,0.58,0.34,24.23,39.61,10.68
184,-0.72,0.62,0.29,12.39,33.69,5.13
185,-0.69,0.69,0.20,3.23,26.79,2.20
186,-0.71,0.69,0.18,21.91,22.71,11.29
187,-0.72,0.69,0.16,3.30,18.68,5.19
188,-0.73,0.72,0.13,3.05,22.34,3.05
189,-0.70,0.69,0.04,-3.23,38.33,9.77
190,-0.73,0.67,0.02,10.93,32.84,-0.85
191,-0.69,0.71,-0.06,-0.85,37.23,-0.24
192,-0.61,0.77,-0.14,11.47,53.89,-2.38
193,-0.66,0.77,-0.21,8.12,45.53,-7.08
194,-0.68,0.67,-0.30,9.77,41.44,-16.60
195,-0.57,0.87,-0.36,-6.71,40.22,-13.06
196,-0.63,0.66,-0.39,-8.54,83.86,-5.55
197,-0.48,0.66,-0.51,-22.64,43.95,4.82
198,-0.52,0.69,-0.48,5.13,58.84,16.42
199,-0.43,0.74,-0.51,-25.76,45.53,23.56
200,-0.28,0.77,-0.60,30.64,73.61,-2.01
201,-0.19,0.77,-0.61,-6.47,71.23,1.40
202,-0.08,0.82,-0.59,8.67,48.16,7.75
203,-0.06,0.75,-0.67,9.52,59.33,3.97
204,0.04,0.73,-0.64,6.47,68.36,-3.42
205,0.15,0.73,-0.65,13.00,96.13,-20.57
206,0.27,0.61,-0.66,7.26,96.44,-26.06
207,0.28,0.82,-0.64,7.39,102.97,-47.79
208,0.42,0.53,-0.54,-74.04,-27.77,-23.80
209,0.33,0.99,-0.44,32.23,26.55,-10.38
210,0.29,0.84,-0.41,-98.21,18.86,-4.76
211,0.30,0.91,-0.31,-18.49,73.36,-9.22
212,0.33,0.96,-0.19,-17.15,56.95,-23.93
213,0.32,1.00,-0.18,23.01,74.16,-34.30
214,0.30,1.03,-0.19,31.68,88.68,-31.31
215,-0.01,1.01,-0.11,-18.62,50.23,-57.68
216,0.09,0.95,-0.17,-1.59,47.67,-29.11
217,0.16,0.86,-0.11,8.67,39.73,-14.59
218,0.08,0.90,-0.11,-13.55,25.70,30.64
219,0.23,0.88,-0.14,-21.97,21.30,9.95
220,0.28,0.97,-0.13,-10.44,3.66,21.79
221,0.34,1.08,-0.05,-77.51,8.00,0.49
222,0.36,1.02,0.06,-22.77,4.33,23.68
223,0.40,1.09,0.12,-54.26,14.16,-6.10
224,0.33,0.95,0.24,-22.09,13.12,-4.46
225,0.34,0.89,0.26,10.99,24.66,15.08
226,0.36,0.98,0.22,-11.35,25.45,8.24
227,0.34,0.90,0.21,-13.12,7.32,3.11
228,0.35,0.89,0.30,-16.36,14.22,11.41
229,0.38,0.89,0.36,-39.43,28.50,7.20
230,0.32,0.79,0.37,-43.95,26.43,-4.94
231,0.35,0.90,0.65,-91.61,23.99,1.89
232,0.29,0.76,0.56,-58.90,33.87,4.03
233,0.28,0.79,0.69,-66.65,67.69,54.26
234,0.16,0.54,0.88,-45.29,56.88,66.47
235,0.15,0.47,0.92,-35.64,37.05,56.27
236,0.09,0.24,1.00,-52.98,49.80,28.81
237,-0.05,0.21,0.98,-11.78,24.66,45.47
238,-0.01,0.14,1.00,-3.23,-0.24,88.32
239,0.02,0.16,1.08,-4.52,2.56,50.96
240,0.08,0.02,1.10,9.95,45.23,58.11
241,-0.05,0.02,0.94,0.31,27.65,32.29
242,-0.12,0.15,0.96,1.59,16.48,27.53
243,-0.20,0.19,1.04,55.36,45.78,32.65
244,-0.23,0.23,0.96,60.67,24.66,10.25
245,-0.33,0.48,0.77,73.97,34.12,10.01
246,-0.35,0.53,0.71,81.97,27.83,15.93
247,-0.43,0.71,0.54,85.69,18.68,-5.31
248,-0.38,0.81,0.44,152.40,-34.55,-4.64
249,-0.38,0.91,0.24,101.62,-3.91,-10.19
250,-0.40,0.94,0.08,94.85,-47.30,-17.52
251,-0.46,1.01,-0.11,127.38,-20.57,-30.46
252,-0.49,0.85,-0.34,128.54,-10.86,-52.43
253,-0.58,0.60,-0.49,58.23,-32.17,-37.54
254,-0.66,0.60,-0.55,62.93,-18.68,-19.90
255,-0.71,0.56,-0.57,55.36,-9.58,-32.96
256,-0.71,0.38,-0.56,20.20,-8.36,-24.23
257,-0.76,0.35,-0.56,14.04,-14.77,-20.14
258,-0.79,0.31,-0.57,32.96,-7.39,-25.39
259,-0.81,0.23,-0.55,32.84,-26.79,-26.79
260,-0.82,0.14,-0.50,35.03,-27.04,-36.19
261,-0.90,0.07,-0.51,22.34,-39.73,-27.10
262,-0.94,-0.03,-0.44,24.60,-29.97,-23.07
263,-0.96,-0.07,-0.38,22.64,-30.70,-21.91
264,-0.98,-0.13,-0.31,27.83,-65.19,-32.71
265,-0.92,-0.26,-0.10,42.79,-75.50,-18.07
266,-0.94,-0.25,-0.01,37.54,-64.64,-28.02
267,-0.93,-0.29,0.16,12.15,-39.00,-9.58
268,-0.94,-0.28,0.29,6.84,-67.14,-10.62
269,-0.83,-0.24,0.36,-11.17,-52.92,-5.86
270,-0.83,-0.24,0.48,2.87,-37.41,-3.30
271,-0.82,-0.29,0.54,-5.98,-33.87,-4.46
272,-0.69,-0.27,0.57,12.21,-31.43,-0.67
273,-0.71,-0.22,0.78,65.92,-50.05,11.29
274,-0.64,-0.09,0.81,52.61,-38.45,15.14
275,-0.66,-0.11,0.83,5.98,-47.24,11.72
276,-0.47,-0.01,0.84,39.43,-28.50,5.19
277,-0.44,0.18,0.81,65.19,-70.31,18.92
278,-0.22,0.48,0.77,62.32,-70.19,25.09
279,-0.11,0.63,0.76,105.29,-84.05,30.64
280,0.06,0.80,0.62,72.39,-59.57,13.06
281,0.17,0.90,0.40,68.91,-65.19,19.23
282,0.29,0.97,0.15,97.41,-52.12,19.53
283,0.30,0.95,0.08,30.03,-26.25,17.27
284,0.35,0.93,-0.17,108.70,-63.05,39.31
285,0.42,0.86,-0.44,127.99,-41.69,51.76
286,0.45,0.78,-0.46,13.49,-2.08,15.01
287,0.43,0.65,-0.51,44.86,-18.62,49.80
288,0.48,0.68,-0.58,34.30,-33.45,59.69
289,0.52,0.61,-0.70,29.30,-38.09,22.16
290,0.43,0.47,-0.85,53.28,-66.47,11.54
291,0.38,0.37,-0.81,24.05,-59.88,39.43
292,0.37,0.37,-0.87,19.04,-54.81,14.77
293,0.19,0.31,-0.89,-14.53,-26.61,13.18
294,0.18,0.38,-1.02,-25.57,-71.72,8.67
295,-0.01,0.51,-1.05,-58.17,-42.91,-20.94
296,-0.11,0.85,-0.43,-53.10,-38.88,-5.37
297,-0.22,0.76,-0.61,-123.05,-71.53,-18.49
298,-0.30,0.83,-0.18,-132.57,-72.02,-7.26
299,-0.34,0.95,-0.28,-5.43,-54.38,-1.95
300,-0.38,0.91,0.03,-89.05,-42.05,-4.15
301,-0.40,0.78,0.36,-73.36,-42.60,-3.66
302,-0.34,0.78,0.53,-93.81,-43.15,-0.73
303,-0.26,0.79,0.49,-75.20,-35.58,5.43
304,-0.25,0.72,0.56,-70.50,-39.79,-5.43
305,-0.13,0.70,0.84,35.40,-49.50,-23.99
306,-0.03,0.82,0.51,114.81,-52.43,-28.02
307,0.03,0.86,0.30,180.24,-195.98,7.39
308,0.17,0.87,0.14,43.15,-127.69,1.04
309,0.23,1.05,-0.01,51.21,-83.98,0.61
310,-0.01,0.93,-0.04,28.14,-25.21,-19.71
311,-0.02,0.94,0.08,-98.33,104.06,-221.68
312,-0.30,0.98,0.13,-61.28,-105.83,-73.61
313,-0.42,0.97,0.45,-47.91,-97.60,-80.99
314,-0.42,0.77,0.48,76.23,-79.47,-36.13
315,-0.49,0.84,0.25,-39.00,-45.47,-61.40
316,-0.54,0.85,0.48,-113.34,-71.59,-77.82
317,-0.85,0.08,0.98,-72.75,-19.41,-100.65
318,-0.86,0.14,0.99,-46.08,416.26,-92.29
319,0.05,0.33,-0.57,-121.52,195.19,-69.03
320,0.34,-1.38,-1.63,148.56,138.12,109.37
321,0.19,2.13,-0.23,-370.24,-349.98,188.78
322,0.28,0.52,1.39,124.33,197.14,-236.69
323,1.55,-3.46,-1.78,-95.03,202.64,-134.22
324,0.83,0.87,-0.57,-269.90,-245.61,322.08
325,-1.64,3.04,1.41,-223.39,-185.91,-290.53
326,-0.24,-1.22,-0.70,-61.95,219.12,-176.76
327,2.48,-1.30,-3.15,54.38,-65.25,300.11
328,0.84,2.46,2.58,8.00,-811.95,56.15
329,0.06,0.54,0.84,198.55,563.84,-124.15
330,2.95,-1.36,-3.68,-96.86,51.39,-171.39
331,0.75,1.22,-1.74,-111.94,-514.10,268.68
332,-2.02,2.50,4.00,114.81,125.92,46.08
333,0.95,0.94,-0.39,-88.62,646.42,-329.96
334,3.99,-1.60,-3.33,273.80,-44.31,57.07
335,0.38,0.59,1.26,-189.51,-804.32,73.24
336,-1.11,0.92,2.73,-114.56,449.95,-144.17
337,3.26,0.53,-1.52,-39.37,349.00,-64.82
338,2.39,-0.14,-1.06,2.26,-161.32,391.54
339,-3.59,4.00,1.92,-125.00,66.16,58.90
340,1.54,1.42,-0.77,-137.27,516.48,-290.65
341,2.92,-0.33,-2.05,122.74,-47.67,4.03
342,1.98,0.19,-1.04,13.79,-338.56,246.09
343,-1.36,2.12,3.96,329.96,-426.88,231.08
344,0.88,1.40,0.01,-345.64,581.91,-210.75
345,1.83,1.00,-1.59,20.08,192.02,-153.99
346,1.96,0.97,-2.04,146.36,-349.37,90.45
347,1.03,2.59,1.82,32.53,-1060.30,-225.95
348,-0.27,0.09,2.38,-519.96,111.39,171.75
349,1.01,1.76,-0.07,-403.38,498.41,179.02
350,0.95,2.45,-2.24,38.64,-245.36,-120.91
351,1.39,1.48,1.61,593.51,-557.80,-444.09
352,0.00,-0.02,2.70,-432.86,206.48,271.42
353,0.93,2.41,-0.83,-415.41,459.11,45.17
354,0.69,2.23,-2.19,127.75,-125.06,19.71
355,1.17,1.89,0.90,496.40,-705.99,-443.66
356,-0.05,1.03,3.32,-463.93,210.57,97.66
357,1.55,1.02,-0.67,-188.05,829.53,113.10
358,1.26,1.20,-1.84,-24.96,-9.22,45.17
359,0.48,1.84,-1.56,275.82,-444.03,-139.83
360,-0.73,0.74,4.00,801.45,-180.30,-204.59
361,-0.70,-0.29,1.19,-49.07,346.01,90.15
362,1.86,0.70,-1.10,-56.15,698.73,-88.50
363,0.44,0.10,-3.06,87.59,-179.50,116.46
364,-0.86,1.14,-0.46,79.53,-516.60,-135.31
365,0.22,-0.63,1.09,207.89,-327.33,-103.52
366,-0.39,-0.34,1.07,-88.87,-17.70,263.31
367,-0.77,0.49,0.53,14.34,-185.06,125.12
368,-0.35,0.91,1.55,204.59,-27.53,49.50
369,-0.53,0.16,-0.07,62.26,-69.89,87.83
370,-0.21,0.02,0.89,66.10,-24.54,6.53
371,-0.35,0.65,0.81,-46.81,-2.38,7.75
372,-0.09,0.36,0.88,-140.44,-8.48,-31.68
373,-0.13,0.02,1.05,-44.98,-9.03,-42.11
374,-0.20,0.05,1.00,2.38,-16.11,-10.01
375,-0.19,-0.02,0.99,2.01,-4.39,-11.05
376,-0.10,-0.03,1.01,0.92,-3.42,-1.40
377,-0.09,0.02,1.00,-0.24,0.43,2.44
378,-0.13,-0.00,1.00,0.24,-0.61,-0.43
379,-0.13,-0.00,1.00,0.24,-0.37,-0.43
380,-0.13,-0.00,1.00,0.24,-0.55,-0.43
381,-0.13,-0.01,1.00,0.24,-0.43,-0.43
382,-0.13,-0.01,1.00,0.79,-0.18,0.49
383,-0.13,-0.00,1.00,0.24,-0.43,-0.37
384,-0.12,-0.02,1.00,1.28,19.47,-5.80
385,-0.08,-0.01,1.02,-4.46,-17.21,46.33
386,-0.07,0.04,1.01,-3.11,-5.13,33.26
387,-0.07,0.02,1.01,-1.28,-1.59,13.67
388,-0.08,0.02,1.01,-2.26,-2.93,22.09
389,-0.06,-0.07,1.01,-0.79,-11.41,13.00
390,-0.07,0.01,1.01,-0.31,-1.59,11.54
391,-0.05,0.04,1.01,0.00,1.04,13.92
392,-0.05,0.02,1.01,-2.01,-3.91,19.29
393,-0.03,0.02,1.01,-15.01,-0.55,10.19
394,-0.04,-0.02,1.01,1.65,2.20,-2.93
395,-0.10,0.14,1.02,2.69,3.91,-25.15
396,-0.05,-0.00,1.03,2.44,6.41,-32.53
397,-0.08,0.04,1.04,2.20,12.21,-21.97
398,-0.08,0.03,1.02,2.50,-14.22,-24.29
399,-0.05,-0.07,1.01,1.04,-4.15,-17.82
400,-0.08,-0.01,0.99,1.34,2.20,-12.70
401,-0.07,-0.01,1.00,1.40,-2.69,-7.39
402,-0.03,-0.09,1.01,-0.43,-4.88,-3.23
403,-0.06,-0.06,1.01,-0.67,0.00,13.06
404,-0.00,0.08,1.03,-0.24,4.27,6.35
405,-0.05,0.02,1.01,-0.85,-6.84,11.29
406,-0.02,0.01,1.02,0.43,-15.63,16.72
407,-0.03,-0.05,1.01,0.24,5.98,25.33
408,0.01,-0.02,0.98,-1.22,6.29,23.68
409,-0.07,-0.10,1.03,-24.78,17.82,44.92
410,-0.12,-0.23,0.98,-31.74,4.39,25.82
411,-0.13,-0.06,0.99,-13.98,-4.09,42.79
412,-0.13,-0.01,1.03,12.51,5.00,34.61
413,-0.14,-0.03,1.01,24.60,4.64,18.86
414,-0.18,-0.01,1.00,12.45,18.55,30.03
415,-0.23,0.14,0.94,18.98,34.42,16.91
416,-0.28,0.25,0.82,11.72,9.58,-12.02
417,-0.25,0.17,0.97,11.66,10.99,-40.53
418,-0.29,0.08,0.92,-21.97,33.02,-60.91
419,-0.37,-0.07,0.89,-38.02,10.07,-71.47
420,-0.40,-0.24,0.90,-30.09,30.82,-76.48
421,-0.39,-0.37,0.86,-19.17,47.67,-58.41
422,-0.45,-0.33,0.80,-30.09,76.23,-60.06
423,-0.57,-0.59,0.74,-19.29,68.79,-47.79
424,-0.59,-0.51,0.73,-13.79,57.80,-27.04
425,-0.69,-0.75,0.51,-18.25,75.74,20.57
426,-0.69,-0.63,0.30,-20.26,87.10,28.08
427,-0.78,-0.57,0.21,-7.93,31.92,43.82
428,-0.93,-0.42,0.09,-23.99,88.75,57.56
429,-0.92,-0.27,-0.16,-59.94,97.23,67.20
430,-0.87,-0.08,-0.37,-74.40,124.94,73.00
431,-0.81,0.12,-0.54,-56.64,46.88,77.21
432,-0.76,0.18,-0.56,-77.39,29.54,94.24
433,-0.49,0.65,-0.45,-40.22,17.21,72.57
434,-0.60,0.57,-0.59,-26.49,1.59,33.51
435,-0.61,0.65,-0.73,-14.59,-9.16,34.06
436,-0.41,0.78,-0.55,-65.61,-8.18,42.54
437,-0.42,0.70,-0.32,-23.68,-27.95,26.55
438,-0.37,0.80,-0.23,-23.68,-29.72,11.66
439,-0.33,0.91,-0.32,-56.46,-30.64,1.34
440,-0.48,0.83,-0.08,-11.29,-32.78,-4.09
441,-0.61,0.90,0.07,-41.87,-22.77,19.71
442,-0.48,0.93,0.08,-32.41,-40.34,6.77
443,-0.32,0.83,0.14,-10.80,-36.62,16.91
444,-0.34,0.99,0.24,3.36,-45.78,-6.35
445,-0.32,1.02,0.21,18.55,-65.49,-19.71
446,-0.34,0.89,0.20,7.14,-43.76,12.21
447,-0.24,0.89,0.16,-8.12,-45.04,-9.95
448,-0.44,0.80,0.31,-11.90,-33.63,-26.31
449,-0.41,0.75,0.31,-2.99,-6.16,-17.70
450,-0.39,0.83,0.25,-6.04,-17.21,-21.18
451,-0.37,0.88,0.21,-5.74,-35.64,-30.64
452,-0.27,0.85,0.25,-6.16,-65.06,-63.78
453,-0.39,0.75,0.54,6.53,-70.50,-54.93
454,-0.59,0.49,0.63,2.62,5.68,-108.89
455,-0.71,0.28,0.49,9.46,16.85,-89.72
456,-0.94,0.34,0.56,-17.94,-3.54,-73.55
457,-0.92,0.14,0.56,1.40,3.11,-58.17
458,-0.88,0.02,0.46,5.25,4.33,-29.11
459,-0.87,0.04,0.45,-7.20,20.20,-27.40
460,-0.94,-0.02,0.38,-58.23,61.95,-47.67
461,-1.00,-0.10,0.37,-1.04,15.20,-32.10
462,-0.97,-0.19,0.31,-2.38,4.88,-16.05
463,-0.96,-0.14,0.30,-13.12,16.36,-24.96
464,-1.09,-0.13,0.25,-4.39,34.55,28.26
465,-0.96,-0.24,0.18,0.24,11.96,-14.40
466,-0.98,-0.25,0.19,-15.26,19.17,-4.82
467,-0.94,-0.35,0.12,-17.15,23.99,-8.48
468,-0.95,-0.37,0.07,-13.12,30.88,-3.05
469,-0.98,-0.30,-0.07,-21.61,62.38,0.92
470,-0.94,-0.27,-0.26,-29.91,54.87,15.87
471,-0.94,-0.26,-0.30,-29.30,48.89,9.03
472,-0.89,-0.16,-0.40,-34.12,59.14,26.86
473,-0.81,-0.07,-0.56,-57.25,54.69,28.26
474,-0.73,0.04,-0.60,-74.34,46.63,74.10
475,-0.67,0.18,-0.78,-21.48,48.95,53.65
476,-0.55,0.34,-0.74,-29.30,48.89,21.30
477,-0.43,0.35,-0.77,-34.42,62.26,28.20
478,-0.34,0.49,-0.85,-44.13,56.52,24.72
479,-0.29,0.51,-0.86,-45.90,36.13,24.60
480,-0.20,0.71,-0.71,-54.50,9.46,21.00
481,-0.14,0.76,-0.67,-39.98,-1.65,37.84
482,-0.12,0.79,-0.53,-34.73,-10.99,34.97
483,-0.09,0.91,-0.54,-53.10,-20.32,14.53
484,-0.10,0.89,-0.51,-26.31,-31.56,12.70
485,-0.07,0.98,-0.35,-9.95,-41.69,2.56
486,-0.06,0.84,-0.29,-17.52,-31.37,14.40
487,-0.10,0.93,-0.33,-30.82,-31.74,8.79
488,-0.07,0.99,-0.25,-28.99,-37.84,3.11
489,-0.14,1.05,-0.15,-15.20,-30.03,-8.91
490,-0.19,0.97,-0.20,-42.85,-38.21,-10.68
491,-0.11,1.03,0.01,-34.42,-27.53,0.43
492,-0.18,1.03,0.09,-14.40,-22.03,-7.02
493,-0.16,1.00,0.08,-3.17,-24.78,-2.26
494,-0.21,0.96,0.08,5.07,-25.27,7.45
495,-0.16,1.11,0.18,-16.42,-38.88,-13.18
496,-0.13,0.97,0.14,-6.53,-18.31,-3.23
497,-0.12,0.97,0.17,-14.47,-6.77,-9.16
498,-0.10,0.89,0.05,8.67,-5.25,-12.08
499,-0.23,1.02,0.12,11.29,3.17,-21.73
500,-0.28,0.78,0.10,8.91,0.37,-13.18
501,-0.27,1.05,0.11,-10.74,-2.26,-2.14
502,-0.30,0.86,0.09,5.55,-1.83,-9.22
503,-0.24,0.92,0.08,-4.70,-0.06,1.28
504,-0.37,1.04,0.17,2.75,-4.21,-10.31
505,-0.32,0.93,0.14,12.21,-0.92,-17.03
506,-0.40,0.93,0.13,-2.75,-0.73,-6.65
507,-0.32,0.93,0.05,8.61,-1.59,-9.09
508,-0.47,0.90,0.02,0.18,-6.90,-0.49
509,-0.28,0.83,0.05,3.60,-8.06,13.67
510,-0.36,1.02,0.01,16.72,-40.59,15.99
511,-0.34,0.88,-0.05,23.80,-47.12,-9.52
512,-0.24,1.01,-0.05,-10.68,-52.80,-6.47
513,-0.36,0.91,0.14,8.91,-32.53,-11.35
514,-0.33,0.88,0.06,10.13,-43.88,-21.18
515,-0.44,0.75,0.04,-15.93,-80.14,-22.89
516,-0.45,0.88,0.27,14.71,-57.19,-7.08
517,-0.40,0.94,0.27,-4.46,-52.43,-15.69
518,-0.33,0.83,0.34,16.11,-62.13,-14.83
519,-0.36,0.87,0.29,11.90,-55.85,-21.12
520,-0.38,0.85,0.33,4.82,-35.95,-7.87
521,-0.43,0.83,0.44,5.62,-10.80,-2.56
522,-0.34,0.86,0.37,-15.69,-52.86,-1.89
523,-0.27,0.86,0.35,-12.08,-59.88,-5.98
524,-0.23,0.88,0.44,-7.08,-64.51,14.28
525,-0.15,0.88,0.53,14.95,-78.98,32.84
526,-0.01,0.88,0.47,20.02,-48.89,22.22
527,0.08,0.90,0.42,-4.09,-44.98,13.00
528,0.14,0.84,0.47,-44.80,-36.68,-15.81
529,0.12,0.93,0.63,-27.95,-34.67,-21.12
530,0.04,0.83,0.60,-28.87,-31.74,-31.68
531,0.02,0.76,0.75,-55.05,-35.58,-38.21
532,0.00,0.66,0.83,-63.96,-31.80,-40.53
533,-0.11,0.36,0.94,-107.06,29.11,-51.03
534,-0.15,0.20,0.95,-72.02,25.45,-45.17
535,-0.27,0.12,0.92,10.99,-3.97,-31.01
536,-0.21,0.15,0.94,-7.57,2.81,-20.20
537,-0.22,0.20,0.98,4.70,19.65,-14.89
538,-0.33,0.17,0.92,-24.90,28.81,-22.83
539,-0.28,0.03,1.00,-15.20,21.00,-39.67
540,-0.46,-0.00,0.96,-38.39,37.54,-26.79
541,-0.44,-0.16,0.88,-59.69,54.02,-31.07
542,-0.51,-0.21,0.72,-77.33,70.56,-34.79
543,-0.51,-0.49,0.55,-68.24,68.30,-56.52
544,-0.66,-0.55,0.46,-88.68,87.16,-50.23
545,-0.70,-0.81,0.26,-48.34,78.55,-47.00
546,-0.67,-0.89,0.10,-51.82,57.37,-21.67
547,-0.62,-0.78,-0.06,-62.56,76.60,-23.38
548,-0.51,-0.79,-0.33,-41.56,69.46,-11.47
549,-0.46,-0.78,-0.39,-9.46,62.07,0.24
550,-0.41,-0.78,-0.56,-4.09,82.15,32.59
551,-0.35,-0.75,-0.60,-55.97,67.20,14.22
552,-0.26,-0.53,-0.68,-40.16,53.53,8.30
553,-0.12,-0.57,-0.72,-33.94,59.14,23.93
554,-0.08,-0.45,-1.02,-112.18,64.51,71.78
555,-0.04,-0.16,-1.08,-230.96,34.91,27.89
556,0.02,0.31,-0.88,-130.37,10.56,27.59
557,0.01,0.58,-0.86,-82.82,14.71,7.08
558,0.09,0.67,-0.86,-53.16,3.85,9.46
559,0.03,0.55,-0.87,18.37,-13.00,0.43
560,0.01,0.60,-0.82,16.66,-9.52,-9.28
561,-0.00,0.39,-0.88,12.15,-5.49,4.58
562,-0.04,0.58,-0.87,113.59,-30.15,3.05
563,-0.03,0.44,-1.10,30.15,-13.12,5.13
564,-0.09,0.46,-0.81,-39.25,-19.71,-0.67
565,-0.02,0.47,-0.70,22.09,28.20,17.76
566,0.02,0.37,-0.89,29.42,7.14,9.95
567,0.03,0.41,-0.84,27.77,25.51,7.02
568,-0.00,0.29,-0.95,2.87,-2.50,9.64
569,0.06,0.48,-0.91,-7.20,0.98,-0.24
570,0.05,0.41,-0.94,-3.72,6.29,-6.41
571,0.07,0.36,-0.89,17.76,4.46,-12.02
572,0.09,0.36,-1.04,-6.53,-6.65,-1.28
573,0.03,0.32,-0.95,-15.01,-10.31,5.55
574,0.00,0.34,-0.86,0.37,1.95,8.67
575,0.04,0.38,-0.94,-8.73,8.36,1.10
576,0.08,0.40,-0.99,-4.03,-5.49,-1.83
577,0.01,0.35,-0.91,1.59,-6.23,0.79
578,0.04,0.40,-0.89,7.57,4.27,-3.17
579,0.05,0.37,-0.98,4.64,-0.49,-0.24
580,0.03,0.37,-0.90,-0.31,-2.32,-0.24
581,0.03,0.37,-0.93,14.71,2.62,-0.31
582,0.06,0.38,-1.05,6.59,-14.83,-6.84
583,-0.10,-0.01,-1.06,-48.16,-29.05,41.63
584,0.04,0.48,-0.87,-45.10,-16.17,53.53
585,0.02,0.59,-0.73,51.03,-21.85,79.41
586,0.14,0.61,-0.89,-9.77,-85.45,13.61
587,-0.08,0.51,-0.78,-17.82,-64.33,7.57
588,-0.16,0.57,-0.73,4.82,-52.00,7.75
589,-0.26,0.55,-0.77,50.35,-43.46,14.71
590,-0.38,0.53,-0.93,65.37,-105.29,-14.89
591,-0.60,0.51,-0.75,-38.21,-59.14,-10.44
592,-0.56,0.56,-0.75,-25.33,-8.00,-25.39
593,-0.49,0.39,-0.79,34.55,-137.33,-62.32
594,-0.88,0.29,-0.39,-12.15,-198.12,-100.04
595,-0.91,0.20,-0.09,-44.92,-174.68,-106.45
596,-0.66,-0.22,0.19,63.66,-99.55,-134.95
597,-0.43,-0.24,0.77,38.27,-126.34,-54.02
598,-0.42,-0.09,0.99,179.75,-120.61,-7.69
599,-0.15,0.18,1.58,109.99,59.39,31.25
600,0.08,0.53,1.81,29.24,301.57,-15.08
601,-0.24,0.38,0.37,-34.91,469.91,-29.11
602,0.54,0.18,-0.70,-175.66,453.80,-22.95
603,0.77,0.76,-1.76,-100.10,90.15,11.90
604,0.16,0.45,-1.39,18.80,-35.64,79.04
605,0.22,0.71,-1.58,89.36,-390.50,27.59
606,0.03,0.66,-0.26,20.63,-380.31,-141.78
607,0.00,0.15,0.57,127.01,-287.96,-203.37
608,-0.33,-0.92,1.55,-194.27,128.72,-131.16
609,-0.72,-1.19,0.43,-140.26,14.16,-94.79
610,-0.48,-0.83,0.27,-27.53,40.59,-22.64
611,-0.36,-1.15,0.21,-193.36,150.63,19.29
612,-0.45,-0.81,-0.43,-219.30,130.07,106.81
613,-0.34,-0.33,-0.85,-246.89,48.03,120.30
614,-0.16,0.13,-0.72,-288.70,43.95,188.96
615,0.13,0.97,-0.74,-176.27,-32.59,90.94
616,0.27,0.91,-0.47,-71.35,-81.48,46.20
617,0.21,0.97,-0.29,-47.30,-100.04,6.84
618,0.17,0.82,-0.14,-32.53,-104.86,-34.00
619,0.10,0.82,-0.13,-2.93,-157.84,-20.57
620,0.24,0.85,-0.11,-21.85,-118.59,38.39
621,0.30,0.80,-0.03,-84.05,-150.63,-52.98
622,-0.01,0.71,0.47,-80.75,-92.04,-84.41
623,-0.05,0.72,0.60,-46.45,-131.71,-121.77
624,-0.06,0.78,0.76,-140.75,-63.96,-219.12
625,-0.19,0.29,0.82,-56.03,-55.91,-180.11
626,-0.21,0.05,0.92,-51.76,-29.36,-172.06
627,-0.47,-0.17,1.07,-25.88,-8.36,-114.20
628,-0.37,-0.10,1.08,-53.89,9.22,-62.32
629,-0.37,-0.03,0.90,-17.82,25.45,-73.12
630,-0.38,0.02,0.90,29.48,11.84,-63.42
631,-0.34,-0.26,0.95,-2.99,76.60,-98.45
632,-0.46,-0.33,0.79,-0.12,55.54,-105.10
633,-0.30,-0.61,0.89,22.77,-16.54,-94.36
634,-0.44,-0.25,0.75,4.64,3.78,-135.56
635,-0.23,-0.32,0.84,66.16,6.41,-64.64
636,-0.12,-0.43,0.96,-60.91,14.95,4.21
637,-0.42,-0.61,0.72,66.16,74.58,-122.62
638,-0.35,-0.32,1.01,31.62,20.20,-8.67
639,-0.13,-0.53,0.99,9.03,40.95,-96.56
640,-0.14,-0.32,0.95,-44.19,70.01,-99.67
641,-0.14,-0.35,0.95,64.21,105.53,-164.12
642,-0.31,-0.89,0.52,-39.43,164.18,-56.82
643,-0.36,-0.85,0.18,-69.40,180.48,-120.24
644,-0.11,-0.74,0.37,-57.68,66.77,-71.53
645,-0.14,-0.78,0.20,-212.77,120.97,68.36
646,0.02,-0.89,-0.83,-421.57,130.80,-81.18
647,-0.08,-0.11,-1.39,-93.14,-31.68,-16.60
648,0.08,0.25,-1.38,-90.21,-49.87,-89.11
649,0.12,-0.50,-0.99,-98.75,-222.72,-316.83
650,-0.33,-0.67,-0.28,226.44,-208.68,11.23
651,-0.48,-0.79,-0.04,293.21,-457.70,140.81
652,-0.99,-0.71,0.32,-209.23,-206.67,63.72
653,-0.36,-0.61,1.50,-227.17,177.80,-186.10
654,-0.26,-1.12,0.17,36.32,-169.62,343.44
655,-0.23,0.48,0.80,-312.68,0.98,583.25
656,-0.45,0.29,0.20,44.62,21.36,232.67
657,1.74,2.96,-0.82,280.21,129.64,65.55
658,0.48,0.11,-0.13,145.26,-147.28,-334.66
659,1.45,-3.80,1.65,275.51,-586.73,-606.14
660,0.51,0.55,1.12,-178.53,-115.60,747.07
661,1.25,2.23,0.61,497.62,328.80,-158.69
662,0.32,-0.70,-0.09,252.38,-308.90,-647.71
663,-0.21,-0.74,2.54,-83.19,240.05,320.37
664,0.08,1.32,0.32,-212.46,513.37,645.32
665,1.38,-0.02,-0.36,372.74,-391.85,-536.50
666,0.05,-0.55,3.95,-53.53,-58.04,33.08
667,0.13,0.29,0.99,-1.95,800.72,189.94
668,2.27,0.66,-1.74,-48.95,460.94,-310.79
669,-0.09,-1.28,-1.36,-61.83,-183.78,-438.72
670,1.36,-0.56,-0.09,517.03,121.70,767.94
671,2.04,0.76,-1.76,-164.06,-424.50,-175.90
672,0.50,0.34,-0.02,242.74,-802.86,-143.19
673,1.30,-1.01,3.72,181.70,-563.72,-5.13
674,1.85,0.13,0.65,-10.31,1061.40,307.98
675,3.31,0.47,-3.65,25.09,852.66,-92.35
676,1.44,-0.01,-0.63,80.38,-498.72,-98.94
677,-0.47,-0.18,-0.32,24.60,-407.96,-112.37
678,0.25,-0.92,0.64,-23.93,-591.86,-265.50
679,-0.25,-0.79,2.21,-163.76,194.27,422.79
680,3.96,-0.55,-1.95,798.40,1328.37,-50.48
681,1.34,0.13,-1.14,-42.18,-667.91,180.30
682,0.52,-0.08,0.57,-61.34,-767.88,-6.53
683,0.67,-0.94,3.52,81.67,185.42,76.48
684,1.23,0.19,0.26,65.67,965.27,306.21
685,1.37,-0.77,-3.97,87.28,45.53,-6.29
686,1.24,0.08,-0.18,41.20,-889.28,104.92
687,2.62,-0.42,3.36,-409.61,-805.36,-113.28
688,0.99,0.14,1.19,-152.04,733.83,213.50
689,3.38,-0.24,-2.54,472.29,1046.75,-194.46
690,1.42,-0.08,-2.10,55.79,-734.62,116.82
691,1.41,0.27,0.62,78.43,-1027.65,251.71
692,0.48,-0.24,3.28,-1.46,33.57,18.92
693,0.50,0.22,0.28,115.97,780.40,77.09
694,1.96,-0.31,-2.69,-164.67,713.07,-173.22
695,0.91,0.27,-1.02,96.68,-701.54,37.66
696,1.53,-0.50,0.89,141.91,-954.22,-372.44
697,0.93,-0.86,3.41,-33.63,189.27,59.33
698,1.39,-0.10,-0.15,86.36,1024.54,6.53
699,0.95,-0.23,-2.84,75.20,433.53,64.82
700,0.30,-0.07,-0.86,-0.18,-533.69,-82.46
701,0.86,-1.03,0.79,214.11,-658.63,-346.98
702,0.03,-1.04,2.08,-88.56,98.08,186.83
703,0.25,-0.10,-0.08,434.75,578.25,-77.39
704,-0.44,-1.10,-1.19,-184.69,-255.62,-119.08
705,0.14,-2.13,1.35,287.48,14.53,194.21
706,-0.38,-0.34,0.08,-118.41,334.17,415.04
707,0.64,-0.51,-3.33,-131.90,-16.24,27.95
708,-0.08,-0.08,-0.17,-89.90,-566.35,12.57
709,0.90,-2.53,2.94,465.21,-489.50,-187.56
710,0.21,0.01,0.34,134.77,669.98,383.18
711,0.63,-1.74,-3.33,-355.71,178.04,-32.41
712,0.29,0.14,0.02,-170.59,-670.47,172.61
713,2.20,-1.49,3.22,241.46,-543.64,-232.79
714,-0.24,-0.11,0.54,199.04,726.87,111.57
715,1.06,-0.39,-1.52,-79.16,769.71,62.50
716,0.49,0.31,-0.91,-110.53,-784.55,97.05
717,2.50,-1.68,3.16,42.36,-781.25,-362.61
718,0.49,0.05,1.09,-46.45,565.80,395.94
719,0.31,0.81,-0.68,365.48,632.75,196.35
720,-0.08,-0.08,-1.93,69.03,-349.43,10.19
721,3.54,-0.01,2.41,-659.55,-1019.53,-294.37
722,-0.24,0.23,0.81,-190.19,695.31,227.91
723,0.67,0.25,-2.70,220.89,592.90,49.74
724,0.06,0.34,-0.74,32.10,-604.00,88.07
725,1.53,-1.12,3.64,-102.66,-531.01,-360.29
726,-0.34,0.33,0.96,-182.62,596.92,122.80
727,1.25,-0.32,-2.43,-174.74,685.24,-46.69
728,0.50,0.26,-0.76,-27.47,-748.60,101.68
729,2.29,-0.76,3.96,-9.89,-687.38,-331.54
730,0.35,0.37,1.04,-225.95,717.16,34.73
731,2.15,-0.59,-2.26,-498.60,903.56,-216.31
732,0.47,0.23,-1.53,-87.89,-626.46,209.23
733,2.25,2.24,1.26,-165.59,-782.65,468.81
734,-0.10,0.53,0.70,-99.67,663.51,-142.58
735,2.15,0.15,-1.40,-451.29,913.88,-41.44
736,0.33,0.55,-2.08,-13.12,-511.23,96.19
737,0.91,0.59,0.29,77.76,-767.03,373.11
738,0.47,1.85,2.38,90.09,110.90,-205.51
739,2.21,-0.02,-0.89,-169.01,973.21,-324.95
740,0.89,0.14,-3.03,-6.71,-132.69,-19.04
741,0.35,0.37,-0.32,17.03,-687.74,166.93
742,1.28,2.93,1.73,-105.04,-498.78,237.92
743,0.50,0.61,-0.29,-168.70,801.27,-428.41
744,0.81,-0.54,-4.00,-8.54,18.86,-57.50
745,1.89,0.52,0.55,112.43,-1011.23,396.24
746,0.53,1.64,1.58,-43.21,342.83,-195.31
747,0.90,0.11,-0.60,-64.21,1097.60,-235.47
748,0.85,0.42,-3.10,-39.43,-253.11,-218.44
749,1.64,-0.15,0.37,289.67,-1040.89,221.31
750,1.17,1.43,3.05,179.99,270.20,-187.38
751,1.89,0.11,-0.50,120.85,1108.64,-160.77
752,1.32,1.07,-2.64,145.45,75.07,-223.14
753,0.16,0.24,-0.74,135.38,-433.72,-325.81
754,0.09,-1.82,-0.01,-208.80,-126.22,-501.89
755,-0.16,-0.79,0.64,296.69,257.93,463.01
756,0.46,-0.32,-2.00,-189.76,149.84,-271.79
757,0.09,-0.82,-0.72,-106.38,-228.09,-225.95
758,-0.22,-0.98,-0.63,94.60,50.90,82.52
759,-0.02,-0.53,-0.90,-175.84,-171.14,-201.48
760,0.07,-0.82,-0.76,160.71,-100.34,157.65
761,-0.41,-0.37,-0.35,-1.53,-73.30,-84.53
762,-1.38,-0.73,-0.39,187.56,-214.36,253.72
763,-0.33,0.61,0.62,137.39,-172.49,167.85
764,-0.71,0.32,0.99,38.57,5.74,40.47
765,-0.24,0.72,0.19,-377.26,-132.63,-11.41
766,-0.73,0.08,0.90,37.60,-53.28,81.73
767,-0.50,0.07,0.96,48.34,0.49,120.67
768,-0.56,0.24,0.98,-8.85,48.95,82.52
769,-0.50,0.25,0.91,-32.47,51.64,94.24
770,-0.55,0.12,0.60,-35.83,74.10,130.92
771,-0.45,0.44,0.67,90.88,38.09,148.50
772,-0.29,0.72,0.52,80.81,31.86,88.93
773,-0.23,0.82,0.45,68.24,39.55,81.36
774,-0.14,0.96,0.21,49.99,52.80,53.59
775,-0.08,1.09,0.07,41.44,34.18,26.06
776,-0.03,0.95,0.01,0.92,17.76,-5.25
777,0.03,1.12,-0.02,-24.90,-49.56,-96.19
778,-0.14,0.94,0.16,-53.41,-86.36,-203.74
779,-0.59,0.38,0.55,11.41,-88.56,-163.51
780,-0.75,0.35,0.66,33.69,-76.23,-100.52
781,-0.66,0.37,0.57,7.87,-75.07,-116.58
782,-0.61,0.20,0.80,37.78,-64.03,-97.11
783,-0.61,0.13,0.91,18.74,-28.81,-70.01
784,-0.62,0.13,0.83,52.98,-26.55,-52.92
785,-0.47,0.24,0.86,7.81,-14.65,-51.76
786,-0.59,0.08,0.80,-20.63,16.48,-29.54
787,-0.48,-0.01,0.83,2.08,-30.09,-13.67
788,-0.61,-0.09,0.93,31.62,-32.35,-31.56
789,-0.46,-0.08,0.98,-21.24,-2.69,-64.51
790,-0.40,-0.23,0.76,31.07,22.95,-53.22
791,-0.43,-0.23,0.75,36.74,22.89,-68.97
792,-0.46,-0.05,0.85,14.22,20.63,-76.90
793,-0.43,-0.27,0.82,37.48,-9.09,-65.73
794,-0.37,-0.37,0.79,38.51,9.09,-81.24
795,-0.43,-0.31,0.95,49.38,21.30,-51.82
796,-0.31,-0.26,0.81,-28.75,3.60,-28.63
797,-0.35,-0.36,0.86,23.32,5.00,-34.36
798,-0.33,-0.08,0.91,-61.04,-9.28,-61.95
799,-0.32,-0.21,0.90,23.74,26.73,-50.29
800,-0.33,-0.33,0.96,60.12,8.54,-36.32
801,-0.33,-0.37,0.95,5.07,31.25,-46.39
802,-0.36,-0.29,0.92,15.32,32.17,-17.82
803,-0.42,-0.28,0.84,-2.62,26.00,-34.24
804,-0.46,-0.31,0.81,-13.24,21.85,-42.11
805,-0.47,-0.42,0.89,17.21,25.82,-38.57
806,-0.45,-0.50,0.68,-29.60,35.46,-38.82
807,-0.51,-0.68,0.66,-268.01,49.87,-72.57
808,-0.47,-0.84,0.41,-126.16,99.67,-16.42
809,-0.46,-0.74,-0.04,-163.27,126.89,-6.59
810,-0.26,-0.66,-0.43,-204.28,167.79,3.85
811,0.07,-0.27,-1.26,-125.18,127.50,7.45
812,-0.07,-0.34,-0.78,54.93,-91.06,30.58
813,-0.43,-0.38,-0.95,11.41,3.36,-63.72
814,-0.36,-0.26,-0.88,-31.92,54.26,-117.98
815,-0.00,-0.31,-0.74,-29.91,-19.71,-10.31
816,0.06,-0.19,-1.29,92.47,8.67,-60.79
817,0.24,-0.41,-0.86,38.76,-10.50,-124.39
818,0.29,-0.43,-0.83,84.90,-18.80,-73.85
819,0.36,-0.77,-0.99,42.42,-48.52,-52.00
820,0.17,-0.65,-0.76,-23.38,-43.09,-82.89
821,0.31,-0.49,-0.89,-30.27,-54.99,-60.91
822,0.19,-0.91,-1.14,5.62,-64.03,-11.29
823,0.16,-0.55,-0.49,67.69,-133.06,108.28
824,-0.17,-0.66,-0.33,173.52,-165.22,150.15
825,-0.74,-0.57,-0.18,179.26,-159.67,162.72
826,-0.81,-0.37,0.27,-51.82,-125.31,70.92
827,-0.53,-0.24,0.54,107.12,-211.67,158.20
828,-0.70,0.09,0.80,99.79,-64.58,80.63
829,-0.70,0.23,0.85,14.16,-28.20,40.34
830,-0.55,0.19,0.85,-59.69,-58.41,97.47
831,-0.34,0.26,0.97,6.90,-16.97,11.35
832,-0.41,0.32,0.92,117.00,-83.31,105.47
833,-0.15,0.32,0.93,-44.56,45.17,41.38
834,-0.30,0.14,0.84,-100.10,-15.26,114.99
835,-0.17,0.33,0.93,-20.32,26.06,148.50
836,-0.04,0.42,0.96,24.05,-10.80,112.43
837,0.26,0.46,1.09,17.82,19.90,87.40
838,0.37,0.61,1.10,-0.12,40.95,99.24
839,0.16,0.26,0.92,-35.77,67.20,107.48
840,0.06,0.34,0.88,-14.53,-2.44,68.18
841,0.07,0.49,0.89,-3.36,29.60,81.97
842,0.07,0.24,0.93,-12.39,-11.78,-18.31
843,0.14,0.61,1.09,-3.11,27.16,-25.45
844,0.08,0.44,0.92,8.18,23.93,-68.12
845,0.12,0.45,0.86,-13.06,-1.16,-135.74
846,0.20,0.38,0.93,-16.60,-62.99,-205.20
847,0.13,0.16,1.03,13.24,-73.18,-208.50
848,0.21,0.17,1.11,49.38,-28.69,-146.55
849,0.01,0.05,1.16,7.14,-32.23,-141.91
850,-0.06,0.15,0.71,27.65,-46.39,-194.21
851,-0.12,0.01,0.84,31.43,-13.49,-165.28
852,-0.25,0.03,1.05,10.56,5.92,-80.32
853,-0.20,-0.10,0.89,17.76,43.64,-95.64
854,-0.15,-0.07,1.03,-23.62,17.58,-74.77
855,-0.09,-0.28,0.98,11.84,5.55,-72.57
856,-0.17,-0.38,1.29,111.63,-42.30,-59.27
857,-0.01,0.22,1.10,-1.46,12.33,-60.91
858,-0.09,-0.01,0.97,5.74,26.25,-79.65
859,-0.12,0.08,0.99,38.94,4.88,-96.50
860,-0.07,0.31,1.04,64.51,-42.42,-110.29
861,-0.02,0.59,0.97,20.57,-65.06,-116.09
862,0.09,0.41,0.59,-86.49,-89.54,-88.68
863,-0.10,0.50,0.74,2.26,5.55,-80.14
864,-0.05,0.44,0.62,-81.42,16.66,-103.15
865,-0.25,0.24,0.88,-19.59,33.26,-77.94
866,-0.22,-0.12,1.06,11.90,1.65,-89.36
867,-0.15,0.29,1.01,30.64,-27.71,-87.52
868,-0.16,-0.13,1.05,-16.91,-3.54,-84.11
869,-0.15,0.06,1.01,6.35,-30.33,-104.68
870,-0.09,-0.07,1.06,-28.20,-14.89,-90.58
871,-0.01,-0.26,1.06,-20.32,-5.98,-53.77
872,0.13,-0.40,1.16,39.67,-13.43,-4.76
873,-0.05,-0.27,0.90,6.35,15.08,121.77
874,-0.25,-0.11,0.81,-54.63,-17.21,158.87
875,-0.14,-0.07,1.09,47.67,3.78,73.12
876,-0.41,-0.17,0.85,-24.35,40.34,121.83
877,-0.17,0.17,0.93,12.63,17.94,97.17
878,-0.17,0.24,0.91,-127.32,-15.20,109.68
879,-0.40,-0.29,1.03,-3.85,-1.46,122.07
880,-0.09,0.05,0.91,-43.27,-25.51,106.63
881,-0.07,-0.19,1.41,-8.42,40.89,91.86
882,-0.04,-0.04,0.95,75.44,12.63,104.37
883,-0.04,0.59,0.82,-96.25,-100.40,56.34
884,0.04,-0.04,1.26,42.91,15.32,67.02
885,-0.08,-0.07,0.87,8.12,62.99,50.48
886,0.11,-0.02,0.92,-17.58,-43.21,195.92
887,0.29,0.52,0.93,-105.10,-6.77,206.73
888,-0.05,0.66,1.14,-23.93,-25.45,6.71
889,-0.02,0.48,0.70,-75.32,95.40,59.39
890,-0.02,0.43,1.24,-41.38,101.32,51.21
891,0.13,0.37,1.06,-172.85,-58.59,172.42
892,0.11,0.36,0.87,-66.28,172.06,214.42
893,-0.14,0.18,1.16,23.50,125.43,144.71
894,-0.12,0.51,0.65,-70.37,11.60,185.91
895,0.18,0.66,0.98,-2.87,-130.92,129.15
896,0.26,0.52,0.89,-31.07,85.27,30.09
897,-0.01,0.90,0.69,-47.91,-23.62,88.56
898,0.06,0.48,1.17,-11.11,5.80,-0.37
899,0.02,0.42,1.12,93.99,-31.37,-24.29
900,0.10,0.64,0.93,153.38,137.39,39.73
901,0.04,0.50,0.48,159.36,131.65,128.36
902,0.33,1.16,0.26,115.66,46.75,60.06
903,0.25,1.04,0.16,50.48,86.24,-11.47
904,0.44,0.95,-0.50,66.47,152.77,-12.27
905,0.14,1.02,-0.21,-28.50,-180.11,-159.24
906,-0.16,0.50,-0.36,-59.45,-211.49,-169.13
907,-0.22,0.65,1.41,-56.88,-245.97,-33.69
908,-0.23,0.50,0.70,-87.83,-96.98,-19.65
909,-0.06,0.21,1.04,25.02,-211.85,45.10
910,0.33,0.51,0.73,63.84,49.38,2.38
911,0.00,0.54,0.73,-153.32,-23.56,-40.59
912,-0.11,-0.06,0.83,2.32,-14.71,-42.66
913,0.10,-0.07,1.01,2.08,10.99,-3.78
914,-0.00,-0.01,1.01,0.31,0.55,-1.16
915,0.23,-0.37,1.09,4.03,39.98,64.45
916,-0.02,0.18,1.05,-7.87,28.38,123.35
917,-0.16,0.32,0.91,-27.71,16.78,72.20
918,-0.08,-0.01,1.06,49.87,12.33,49.07
919,-0.10,0.26,0.84,-3.85,-10.99,-51.21
920,-0.09,-0.03,1.11,7.39,-26.67,-86.55
921,-0.02,0.04,0.98,-6.59,-12.08,-115.05
922,-0.02,-0.18,1.06,37.72,0.55,-87.04
923,-0.11,0.01,0.93,2.75,9.77,-54.69
924,-0.11,-0.08,0.97,1.53,0.43,-38.09
925,-0.12,-0.04,1.11,-10.13,23.25,-41.75
926,-0.16,-0.16,0.97,14.04,35.03,-39.37
927,-0.31,-0.12,0.94,-15.56,32.47,-37.72
928,-0.30,-0.31,0.94,9.09,10.25,-34.24
929,-0.22,-0.35,0.92,21.61,24.54,-12.15
930,-0.36,-0.23,0.81,-4.33,9.58,-23.68
931,-0.34,-0.25,0.88,24.84,-19.71,-1.95
932,-0.39,-0.14,1.02,6.84,-12.15,-15.01
933,-0.36,-0.17,0.96,-20.87,-6.71,13.24
934,-0.37,-0.13,1.05,10.99,-1.28,11.05
935,-0.37,-0.11,0.87,-5.49,-21.00,18.31
936,-0.21,-0.15,1.06,2.44,-4.94,17.46
937,-0.33,-0.02,1.03,-27.28,-0.98,23.99
938,-0.34,-0.05,1.04,-9.28,1.95,21.61
939,-0.28,-0.01,1.06,-23.19,-0.24,4.88
940,-0.29,0.06,0.95,19.10,-8.85,10.62
941,-0.40,0.21,1.13,-0.12,-16.17,-17.21
942,-0.16,0.06,1.03,3.48,5.00,22.03
943,-0.23,0.00,0.96,-17.03,9.52,22.03
944,-0.24,-0.04,0.93,-26.06,1.34,34.79
945,-0.25,-0.09,0.95,-21.97,-5.43,51.57
946,-0.24,0.04,0.99,-32.65,5.98,66.77
947,-0.22,-0.03,1.00,-17.58,17.09,69.09
948,-0.27,0.03,1.05,-58.04,22.03,70.74
949,-0.32,-0.10,0.91,-38.70,30.58,84.23
950,-0.38,-0.07,0.87,-17.82,46.33,66.10
951,-0.50,-0.22,0.89,24.11,-10.50,94.12
952,-0.51,0.01,0.91,2.20,11.90,96.80
953,-0.48,0.16,0.89,10.44,10.13,76.60
954,-0.56,0.30,0.83,55.30,-12.76,120.79
955,-0.51,0.45,0.88,60.85,-3.66,54.38
956,-0.46,0.56,0.77,74.04,3.17,35.46
957,-0.40,0.64,0.62,42.24,28.81,40.71
958,-0.38,0.75,0.58,49.56,38.15,45.29
959,-0.31,0.84,0.34,93.93,55.42,32.65
960,-0.35,0.92,0.29,93.32,32.10,25.70
961,-0.26,0.98,0.13,52.61,38.70,22.64
962,-0.22,0.93,0.00,63.96,41.75,19.47
963,-0.18,0.89,-0.14,26.92,32.10,3.97
964,-0.17,0.94,-0.24,75.38,39.98,-3.78
965,-0.14,0.89,-0.45,60.49,-8.30,-4.88
966,-0.15,0.88,-0.42,136.35,-4.52,-13.85
967,-0.13,0.61,-0.67,6.10,10.74,-10.31
968,-0.28,0.68,-0.67,24.35,18.19,-14.47
969,-0.19,0.65,-0.75,26.61,3.91,-21.73
970,-0.08,0.63,-0.83,26.25,11.41,-10.80
971,-0.27,0.52,-0.88,45.90,2.32,-22.09
972,-0.15,0.45,-0.92,35.40,-4.58,-5.80
973,-0.13,0.44,-0.88,36.87,-39.00,-5.37
974,-0.28,0.26,-0.91,51.33,-52.25,-20.08
975,-0.35,0.13,-0.94,32.47,-31.07,-34.36
976,-0.34,0.12,-0.98,35.89,-33.33,-37.05
977,-0.48,0.02,-0.89,81.85,-72.08,-31.92
978,-0.85,-0.16,-0.66,47.61,-111.08,-47.24
979,-0.76,-0.44,-0.49,66.83,-56.34,-43.27
980,-0.78,-0.47,-0.36,38.33,-53.41,-40.77
981,-0.83,-0.61,-0.22,50.42,-60.36,-30.33
982,-0.78,-0.77,-0.00,46.51,-58.23,-28.69
983,-0.71,-0.66,-0.05,30.40,-36.32,8.79
984,-0.80,-0.67,0.06,16.11,-40.28,22.09
985,-0.83,-0.51,0.15,1.22,-47.67,16.05
986,-0.66,-0.62,0.30,-7.20,-62.93,41.26
987,-0.72,-0.52,0.42,-11.54,-106.38,33.94
988,-0.67,-0.39,0.40,-9.46,-49.80,41.99
989,-0.66,-0.37,0.50,-25.63,-34.67,67.02
990,-0.77,-0.27,0.67,22.03,1.83,54.26
991,-0.79,-0.11,0.49,-0.61,-12.51,32.59
992,-0.82,0.03,0.58,13.43,-29.17,29.05
993,-0.72,-0.08,0.73,3.97,-44.74,20.45
994,-0.62,0.02,0.55,-81.30,-114.93,6.59
995,-0.73,-0.02,0.75,16.91,-30.94,31.01
996,-0.62,0.05,0.87,10.86,-16.85,55.36
997,-0.58,0.14,0.83,-0.37,2.81,61.95
998,-0.55,0.17,0.78,-57.43,3.36,79.16
999,-0.47,0.05,0.98,-71.41,40.71,89.90
1000,-0.57,0.30,0.74,-23.68,12.82,72.94
1001,-0.57,0.28,0.79,-49.68,40.65,75.44
1002,-0.63,0.27,0.64,-22.83,19.90,86.61
1003,-0.56,0.32,0.80,0.18,37.96,119.14
1004,-0.45,0.41,0.68,1.22,20.45,101.50
1005,-0.33,0.68,0.62,-4.33,8.30,85.33
1006,-0.33,0.71,0.67,-18.01,28.14,64.82
1007,-0.31,0.71,0.71,-83.13,30.70,26.98
1008,-0.18,0.48,0.79,-47.36,19.96,36.62
1009,-0.10,0.75,0.78,-10.86,22.52,62.68
1010,-0.10,0.80,0.94,-20.32,35.40,69.58
1011,-0.04,0.70,0.78,15.99,34.30,49.50
1012,-0.02,0.76,0.71,39.55,28.50,27.10
1013,0.14,0.84,0.75,40.77,38.45,4.76
1014,0.03,0.82,0.60,27.89,9.22,22.46
1015,-0.03,0.89,0.44,33.57,9.03,9.03
1016,-0.06,0.93,0.46,22.46,30.64,-11.17
1017,-0.02,0.86,0.43,46.69,8.48,-10.86
1018,0.03,1.24,0.31,120.97,-39.31,-2.62
1019,-0.03,1.05,-0.01,41.14,-55.30,-25.33
1020,-0.06,1.01,0.04,21.91,-98.02,-50.42
1021,-0.24,0.86,-0.03,-4.46,-119.32,-59.63
1022,-0.54,0.91,0.27,-64.33,-174.99,-103.39
1023,-0.32,0.85,0.41,-17.94,-53.04,-58.29
1024,-0.27,0.74,0.49,41.14,-63.23,-167.72
1025,-0.60,0.42,0.65,36.19,-124.94,-219.85
1026,-0.39,0.16,0.61,10.86,-134.22,-266.36
1027,-0.46,-0.14,0.88,51.57,-64.76,-95.83
1028,-0.49,-0.16,0.97,109.19,-80.75,-57.86
1029,-0.17,0.37,0.64,-41.81,-34.18,-88.56
1030,-0.23,0.20,0.85,117.55,-34.55,-13.92
1031,-0.19,0.05,0.77,-119.32,-39.31,-67.87
1032,-0.14,0.01,0.99,6.35,-7.08,-30.09
1033,-0.14,0.09,0.99,2.38,-2.99,-12.57
1034,-0.10,0.15,1.04,1.04,-36.87,-6.10
1035,0.10,0.01,0.91,5.98,6.35,-33.33
1036,-0.01,-0.07,1.00,0.49,-10.01,-24.41
1037,-0.07,-0.04,1.01,0.61,-19.35,-45.78
1038,-0.03,-0.03,1.04,1.16,0.37,-34.24
1039,0.09,-0.05,1.00,0.61,0.31,-50.17
1040,0.03,-0.00,1.03,1.40,8.61,-48.71
1041,-0.04,0.09,1.02,1.10,0.79,-32.84
1042,0.02,0.00,1.00,1.89,6.53,-32.35
1043,-0.04,-0.03,1.00,-1.34,-11.05,-29.66
1044,0.01,-0.03,1.01,-0.18,-8.97,-20.45
1045,-0.03,-0.03,1.03,-5.43,6.29,-6.10
1046,-0.13,-0.04,1.04,0.00,-0.55,-2.38
1047,-0.03,0.03,0.98,-16.30,14.47,-16.36
1048,0.17,-0.14,1.15,-28.08,-30.09,-22.77
1049,0.24,-0.32,1.06,-22.22,-26.79,-59.27
1050,0.44,0.13,0.74,185.12,-160.89,-155.58
1051,0.83,0.50,0.89,296.08,-352.42,-214.90
1052,1.01,0.96,0.56,180.66,-59.75,-55.60
1053,0.56,0.73,0.01,91.06,39.37,-55.97
1054,0.69,0.45,-0.16,39.00,97.47,-101.93
1055,0.56,0.60,-0.73,207.09,29.36,-27.16
1056,0.57,0.47,-0.59,218.26,124.27,50.60
1057,0.53,0.70,-0.53,-1.83,72.33,-86.30
1058,0.71,0.35,-0.44,-138.00,43.03,-50.60
1059,0.86,0.80,-0.28,-97.96,32.78,74.58
1060,0.74,0.54,-0.13,26.43,-48.16,30.46
1061,0.91,0.61,-0.19,24.96,-74.22,9.52
1062,0.75,0.36,-0.56,101.20,-145.94,93.32
1063,0.88,0.06,-0.55,225.40,-61.46,90.15
1064,0.19,-0.75,-0.93,88.68,-48.77,165.22
1065,0.59,-0.36,-0.74,-22.46,-27.47,70.86
1066,0.64,-0.33,-0.80,-202.09,48.77,8.48
1067,0.19,0.14,-0.87,-70.68,104.06,-104.74
1068,0.74,-0.05,-0.91,-208.44,64.58,-61.52
1069,0.82,0.27,-0.62,-44.86,73.55,8.54
1070,0.86,0.49,-0.62,-16.66,-12.21,-1.83
1071,0.72,0.43,-0.85,-65.00,-53.10,-6.65
1072,0.52,0.50,-0.31,-60.49,-34.61,-3.30
1073,0.55,0.34,-0.64,-45.04,-36.38,9.70
1074,0.38,0.23,-1.00,-8.91,-114.07,65.86
1075,0.96,0.44,0.07,-64.21,-74.40,58.84
1076,0.83,0.74,-0.26,-144.96,24.96,115.36
1077,0.60,0.49,-0.09,-119.20,23.19,87.10
1078,0.61,0.34,-0.25,-51.88,116.33,97.96
1079,0.98,0.17,0.03,-42.36,17.46,48.22
1080,0.96,0.15,0.06,-9.03,59.81,121.52
1081,0.93,-0.17,0.34,-17.94,49.99,71.78
1082,0.93,-0.07,0.14,-69.03,-35.95,2.69
1083,1.06,-0.18,0.16,-37.84,-46.94,-23.25
1084,0.97,-0.17,0.12,12.63,-23.86,-46.20
1085,1.04,-0.21,0.06,-25.51,14.89,-26.18
1086,0.96,0.12,0.03,-63.72,25.51,-9.40
1087,0.98,-0.06,0.07,-41.69,-8.30,-63.78
1088,0.91,0.12,-0.01,-81.85,-7.02,-11.23
1089,1.03,0.02,0.07,-56.46,-11.35,2.26
1090,1.06,-0.02,0.05,-222.84,-29.79,14.22
1091,0.97,0.00,-0.06,-79.71,-31.07,37.17
1092,0.96,-0.02,-0.10,-121.22,4.39,18.07
1093,1.00,-0.07,-0.07,-18.31,-6.04,23.74
1094,1.03,-0.08,-0.11,-123.47,-29.48,21.24
1095,1.07,-0.03,-0.13,-113.16,-19.71,15.87
1096,0.86,0.10,-0.35,-7.39,-32.59,-39.79
1097,0.97,0.04,-0.35,-12.57,11.11,-0.55
1098,1.02,-0.12,-0.19,276.31,38.15,6.96
1099,0.96,-0.15,0.23,139.65,2.44,16.05
1100,1.02,-0.06,0.14,257.75,-12.45,32.78
1101,0.99,-0.12,0.12,242.00,-15.81,7.45
1102,0.99,-0.11,0.00,323.49,-39.73,-9.34
1103,0.98,0.13,0.27,208.37,-8.24,30.27
1104,1.14,0.01,0.20,131.29,-24.72,5.68
1105,1.00,-0.13,-0.01,182.25,1.34,30.88
1106,1.01,0.09,-0.01,-12.70,18.13,-7.87
1107,1.16,-0.15,0.16,105.53,-17.03,13.06
1108,1.01,0.01,-0.06,-41.20,-26.31,-12.27
1109,1.02,-0.08,-0.04,156.13,-12.76,8.54
1110,1.00,-0.02,-0.00,135.44,7.02,-30.94
1111,0.97,-0.02,0.07,257.32,-22.46,0.79
1112,1.00,-0.02,0.02,26.12,5.37,-4.52
1113,1.00,-0.14,-0.06,11.72,5.13,-18.68
1114,1.00,-0.27,0.09,179.32,-4.46,20.75
1115,0.97,0.34,-0.39,136.05,43.58,9.03
1116,1.09,0.11,0.11,-37.35,-30.33,-13.85
1117,1.00,-0.15,0.23,37.41,-1.22,3.54
1118,0.99,-0.02,0.16,2.26,9.95,6.65
1119,0.98,-0.00,0.11,46.20,-3.23,24.66
1120,0.97,0.03,0.06,46.33,5.25,-22.09
1121,0.99,-0.03,0.13,51.57,10.31,7.69
1122,0.98,0.06,0.19,62.19,20.87,-1.65
1123,0.98,0.11,0.18,4.27,5.68,-18.13
1124,0.98,0.13,0.15,44.19,10.13,3.72
1125,0.98,0.19,0.12,119.69,7.20,19.35
1126,0.98,0.12,0.13,20.20,3.85,0.12
1127,0.98,0.12,0.14,36.38,-0.12,6.10
1128,0.98,0.18,0.13,5.25,-2.14,-0.73
1129,0.98,0.12,0.18,-56.70,1.28,-6.29
1130,0.98,0.16,0.15,-77.15,2.26,-5.37
1131,1.06,-0.91,-2.49,-1999.76,-117.00,-358.52
1132,1.02,-0.05,0.10,-359.44,-31.31,-116.58
1133,0.89,0.02,0.18,-11.54,-63.60,-22.89
1134,0.98,0.07,0.21,-12.94,-32.90,49.93
1135,1.01,0.17,0.14,-17.64,11.41,55.97
1136,1.00,0.20,0.09,-14.65,11.47,-3.54
1137,1.00,0.11,0.14,-19.17,7.20,-52.73
1138,0.98,0.06,0.13,-13.67,13.43,-26.49
1139,1.02,0.05,0.07,74.83,-40.34,80.20
1140,1.00,-0.15,-0.03,-190.19,6.71,6.04
1141,0.99,-0.01,0.20,-113.83,-1.89,-12.94
1142,1.00,-0.05,0.11,-107.18,-18.86,-10.50
1143,0.99,0.01,0.03,-79.16,-25.27,-1.89
1144,1.00,-0.09,0.01,-121.77,-34.24,14.65
1145,1.00,-0.15,-0.04,-55.24,-19.23,15.93
1146,0.98,0.07,-0.01,-162.23,14.53,-6.41
1147,1.00,0.09,-0.04,-126.59,6.47,-22.40
1148,1.00,0.06,-0.08,-80.81,-10.44,16.11
1149,0.99,0.07,-0.24,-154.11,25.02,0.92
1150,1.01,-0.03,0.08,-31.07,-11.60,15.69
1151,1.01,-0.08,0.08,105.83,23.38,18.49
1152,1.00,-0.09,-0.13,108.70,-5.86,19.10
1153,1.01,-0.25,0.07,161.32,6.04,19.53
1154,0.99,-0.24,0.15,125.49,32.78,20.51
1155,0.98,-0.17,0.15,154.42,18.86,7.02
1156,0.96,-0.10,0.25,105.41,-1.22,-6.29
1157,0.99,0.06,0.05,94.42,28.32,1.10
1158,0.97,-0.09,0.50,47.67,-2.50,0.98
1159,0.95,-0.04,0.37,-26.55,-18.31,-20.81
1160,0.96,0.22,0.24,50.11,-22.95,-1.83
1161,1.11,-0.05,0.08,-52.61,-71.78,-51.09
1162,1.11,0.30,0.14,43.95,56.64,-97.96
1163,1.09,0.49,0.10,-13.00,24.66,-82.52
1164,0.57,0.59,0.11,4.27,-45.17,-39.67
1165,0.75,0.64,-0.00,8.48,91.43,-93.81
1166,0.69,0.33,-0.14,126.34,-102.54,55.85
1167,0.75,0.52,-0.34,162.60,-203.12,99.55
1168,0.56,0.50,-0.34,34.55,-69.34,-67.93
1169,0.62,0.45,-0.65,-40.83,45.17,-67.26
1170,0.41,0.69,-0.59,-113.28,41.02,-60.91
1171,0.62,0.83,-0.83,72.45,-41.81,-78.19
1172,0.15,0.61,-0.75,91.06,-45.35,-39.37
1173,0.11,0.52,-0.59,-51.45,-30.03,31.19
1174,0.21,0.21,-0.24,-87.52,-33.39,45.10
1175,-0.10,0.37,-0.72,-171.26,-83.01,-82.46
1176,-0.22,1.08,-0.89,-140.56,-27.16,-72.45
1177,-0.43,0.44,-0.63,9.46,-20.39,-52.67
1178,-0.41,1.03,-0.71,-65.86,71.59,-17.58
1179,-0.46,0.53,-0.89,211.06,4.39,-13.85
1180,-0.46,0.62,-0.69,248.90,-63.96,-153.14
1181,-0.40,0.06,-0.43,-38.27,36.93,-70.80
1182,-0.07,0.46,-1.19,-312.62,183.84,-206.67
1183,-0.30,0.50,-0.72,-248.41,46.63,-31.01
1184,-0.10,1.02,-0.42,-157.10,107.54,-57.37
1185,-0.05,1.43,-0.52,11.90,95.15,32.71
1186,0.10,1.08,-0.18,-423.40,131.59,-260.25
1187,-0.62,0.28,0.26,-102.05,34.61,-9.70
1188,-0.39,0.30,0.19,-217.77,-35.64,-42.91
1189,-0.31,0.30,0.64,-305.97,31.74,132.51
1190,-0.89,0.62,0.81,46.57,-108.40,-6.77
1191,0.12,0.73,1.37,56.82,61.28,18.92
1192,-0.29,0.61,0.94,-139.16,-28.38,-35.46
1193,-0.50,0.46,0.79,-47.91,58.17,-12.57
1194,-0.37,0.11,0.55,-43.95,194.89,-89.90
1195,-0.59,0.99,0.46,-84.72,-46.20,151.00
1196,-0.38,0.43,0.46,-70.37,-75.81,46.02
1197,-0.17,0.24,0.68,-90.58,-0.18,-2.20
1198,-0.26,0.11,0.96,0.24,-27.83,-1.40
1199,-0.22,0.04,1.05,-94.67,-12.88,0.55
1200,-0.19,0.06,1.00,27.16,2.50,-36.07
1201,-0.38,0.16,0.95,-24.66,-8.24,-45.10
1202,-0.21,-0.03,0.97,8.48,-15.63,-53.28
1203,-0.02,-0.09,1.01,2.75,-4.46,-15.08
1204,-0.08,0.04,1.02,-1.89,3.30,11.90
1205,-0.08,-0.01,1.02,0.12,-1.77,-0.67
1206,-0.15,0.00,1.00,0.31,-2.20,-0.49
1207,-0.15,0.00,1.00,0.31,-1.10,-0.49
1208,-0.15,-0.00,1.00,0.31,-0.92,-0.55
1209,-0.14,0.00,1.00,0.24,-1.22,-0.49
1210,-0.15,-0.00,1.00,0.31,-0.55,-0.55
1211,0.03,0.05,1.13,0.98,31.37,45.78
1212,-0.01,-0.24,0.97,-3.05,-43.03,75.50
1213,-0.04,-0.10,0.98,-0.31,-0.67,86.79
1214,-0.00,-0.22,0.97,-3.05,19.84,134.16
1215,0.22,0.18,1.02,-1.59,-11.54,100.89
1216,0.09,0.08,1.00,0.73,4.27,34.79
1217,-0.11,-0.06,1.00,0.73,10.80,-14.71
1218,0.05,0.09,1.06,0.24,-35.03,-36.93
1219,-0.01,0.00,1.01,-0.12,0.00,-56.52
1220,0.08,0.05,1.01,0.85,0.79,-57.13
1221,0.09,-0.03,1.00,-0.49,-0.55,-56.34
1222,-0.02,0.20,1.01,0.55,0.00,-63.17
1223,0.05,-0.04,1.02,0.61,-0.49,-43.03
1224,-0.03,0.07,1.03,0.61,0.73,-83.68
1225,0.05,-0.09,1.01,0.55,0.79,-95.83
1226,-0.07,-0.00,1.00,0.06,0.31,-74.04
1227,-0.07,-0.00,1.01,-0.12,-0.31,-44.01
1228,-0.12,0.02,1.00,0.73,-0.06,-17.03
1229,-0.11,0.09,1.00,0.55,0.24,-20.51
1230,0.04,0.03,1.00,0.61,0.49,-16.11
1231,0.11,-0.07,1.01,0.49,-0.18,-0.85
1232,0.03,0.05,1.01,2.01,2.08,-24.41
1233,-0.06,0.02,1.00,0.37,-0.31,-10.44
1234,0.07,-0.08,1.01,0.31,-0.37,-19.17
1235,-0.02,-0.02,1.01,0.49,-0.49,12.51
1236,-0.03,0.04,1.00,0.06,-0.79,-5.55
1237,-0.06,-0.00,1.00,-0.18,-0.73,1.34
1238,0.07,-0.01,1.01,5.31,3.66,7.57
1239,0.05,-0.01,1.00,0.79,0.31,-5.00
1240,-0.01,-0.01,1.00,0.98,0.31,6.04
1241,0.04,0.00,1.01,0.37,-0.98,12.21
1242,-0.04,-0.04,1.01,0.92,0.37,10.50
1243,-0.05,-0.03,1.00,0.61,-0.43,17.58
1244,0.04,0.04,1.01,-0.43,-0.85,16.48
1245,-0.02,-0.13,1.02,1.28,0.24,29.11
1246,0.06,-0.10,0.99,-0.37,-0.92,34.00
1247,0.07,-0.05,1.02,-0.37,-1.22,31.01
1248,0.00,-0.01,1.01,-0.31,-1.04,32.53
1249,-0.00,0.05,1.04,0.73,-0.73,41.50
1250,0.08,-0.00,1.03,0.00,-1.22,50.42
1251,0.01,-0.03,1.01,0.12,-0.85,39.98
1252,0.10,0.28,1.02,-0.43,0.67,52.37
1253,0.07,0.10,1.04,0.49,0.49,42.85
1254,0.05,0.04,1.01,0.37,1.53,63.48
1255,0.05,0.08,1.02,0.43,1.16,52.98
1256,-0.05,-0.02,0.99,-1.10,-9.28,81.60
1257,0.05,-0.03,1.01,0.85,-0.67,50.72
1258,0.04,-0.01,1.01,0.12,0.18,55.60
1259,0.01,0.00,1.00,0.24,-0.98,14.95
1260,0.03,0.00,1.00,-0.79,-2.14,28.32
1261,0.02,-0.05,1.00,-0.31,-0.67,31.80
1262,0.04,0.02,1.02,1.22,0.31,0.49
1263,0.02,0.01,1.01,0.18,-0.12,-18.37
1264,0.03,-0.02,1.01,0.79,0.49,-51.21
1265,0.05,-0.07,1.01,0.49,-0.61,-19.53
1266,-0.03,-0.03,1.00,0.43,-0.06,-2.01
1267,0.01,-0.01,1.01,0.55,0.12,-10.19
1268,0.08,0.15,1.01,-0.18,0.12,-49.38
1269,0.03,0.07,1.00,0.55,0.67,-86.67
1270,0.02,-0.05,1.00,0.43,0.61,-81.73
1271,0.02,0.02,1.00,2.93,2.50,-96.25
1272,0.08,-0.02,1.02,1.53,1.04,-80.63
1273,-0.10,0.04,0.96,0.43,1.34,-81.18
1274,0.03,0.06,1.02,0.00,0.79,-68.05
1275,0.06,-0.04,1.00,0.49,0.43,-53.28
1276,-0.06,-0.00,0.99,0.31,0.37,-29.97
1277,-0.17,-0.04,1.00,1.22,0.61,9.46
1278,-0.11,-0.03,1.03,-2.26,-9.83,32.47
1279,0.07,-0.10,1.01,0.73,3.11,33.57
1280,0.05,0.01,0.99,-0.18,-6.90,24.48
1281,-0.04,0.00,1.00,-0.55,-0.92,1.59
1282,0.03,-0.04,1.00,1.22,0.00,35.64
1283,-0.03,0.09,0.98,-0.06,4.15,25.45
1284,0.04,-0.05,0.98,-2.50,34.42,51.76
1285,-0.13,-0.05,1.01,-3.17,4.15,44.80
1286,0.01,-0.09,1.03,-2.26,9.64,53.47
1287,-0.09,0.06,1.11,15.26,19.23,86.61
1288,-0.07,0.26,1.15,57.92,40.53,106.45
1289,-0.01,0.86,1.34,295.35,39.37,106.81
1290,0.26,0.88,0.66,249.27,235.90,80.81
1291,0.16,0.97,-0.24,197.75,228.88,-30.82
1292,0.34,0.95,-1.09,3.42,70.74,-74.95
1293,0.26,1.45,-0.28,-50.78,-235.60,-307.62
1294,-0.14,-0.24,0.82,-0.92,-90.45,-470.83
1295,-0.89,-1.21,0.28,-6.59,43.82,-123.96
1296,-0.66,-1.07,0.21,71.17,103.33,40.71
1297,-0.29,-0.80,-0.05,149.60,233.15,158.57
1298,-0.73,-0.18,-0.71,-89.90,200.56,214.36
1299,0.20,0.70,-0.92,-76.42,149.41,237.37
1300,0.35,1.12,0.25,-60.18,-338.38,-212.89
1301,1.02,0.80,0.63,-174.56,529.97,247.07
1302,0.83,1.08,2.19,-29.48,-714.17,-335.75
1303,3.98,3.61,-3.93,221.80,191.16,93.02
1304,-2.39,-3.37,4.00,-119.08,620.42,272.71
1305,1.78,3.02,0.28,37.29,-851.56,-350.65
1306,4.00,3.09,-4.00,-59.27,-190.12,-120.54
1307,2.23,0.23,3.21,-309.08,841.55,292.60
1308,2.85,3.24,1.47,-60.18,-1145.08,-794.92
1309,4.00,3.33,-4.00,-30.70,-226.07,-117.92
1310,0.53,0.03,3.88,-93.26,851.20,429.20
1311,2.56,3.79,0.01,73.24,-1073.18,-441.53
1312,3.13,3.99,-3.96,126.65,679.38,271.67
1313,0.24,-4.00,4.00,-49.68,-259.22,-116.27
1314,1.27,4.00,-4.00,-138.06,-397.16,-328.25
1315,2.35,-2.51,3.32,-175.66,-20.57,530.40
1316,-0.08,3.33,-1.36,110.35,-257.63,-466.00
1317,0.35,1.59,1.77,-249.63,233.22,643.92
1318,3.61,-3.02,1.16,158.94,-338.07,-580.57
1319,-1.11,2.62,0.49,11.60,-446.66,13.31
1320,-0.40,-0.17,0.68,88.32,-123.78,60.97
1321,-0.74,0.84,1.85,78.37,41.63,-20.63
1322,-0.24,0.41,0.57,-35.40,-24.66,0.61
1323,-0.26,0.43,0.88,-2.81,-4.21,-4.09
1324,-0.31,0.52,0.77,1.28,-8.48,-10.86
1325,-0.37,0.48,1.20,-48.46,-11.54,-1.28
1326,-0.20,0.22,0.87,-37.78,-14.34,-8.06
1327,-0.21,0.12,0.96,-28.38,-8.54,-6.47
1328,-0.25,0.02,0.90,-2.32,-9.83,-6.65
1329,-0.16,-0.02,0.99,1.59,-2.56,-2.20
1330,-0.17,-0.00,0.99,0.24,-0.37,-0.43
1331,-0.17,0.00,0.99,0.24,-0.55,-0.49
1332,-0.17,-0.00,0.99,0.31,-0.61,-0.55
1333,-0.17,0.00,0.99,0.31,-0.61,-0.73
1334,-0.18,-0.00,0.99,0.37,-0.43,-0.73
1335,-0.16,0.00,0.99,0.24,-0.43,-0.43
1336,-0.16,0.00,0.99,0.24,-0.49,-0.43
1337,-0.17,-0.00,0.99,0.24,-0.49,-0.43
1338,-0.17,-0.00,0.99,0.24,-0.49,-0.49
